{"generatedAt":1738787318795,"generateTime":228,"contents":[{"_path":"/component","_dir":"","_draft":false,"_partial":false,"_locale":"","title":"Nuxt Content","description":"Component Sample","author":"Tom","body":{"type":"root","children":[{"type":"element","tag":"h3","props":{"id":"navigation"},"children":[{"type":"text","value":"Navigation"}]},{"type":"element","tag":"p","props":{},"children":[{"type":"element","tag":"a","props":{"href":"/cms/markdown"},"children":[{"type":"text","value":"Markdown Sample"}]}]},{"type":"element","tag":"hero-card","props":{},"children":[{"type":"element","tag":"p","props":{},"children":[{"type":"text","value":"Hero Component Sample"}]},{"type":"element","tag":"template","props":{"v-slot:description":""},"children":[{"type":"element","tag":"p","props":{},"children":[{"type":"text","value":"This will be rendered inside the "},{"type":"element","tag":"code","props":{"className":[]},"children":[{"type":"text","value":"description"}]},{"type":"text","value":" slot."}]}]}]}],"toc":{"title":"","searchDepth":2,"depth":2,"links":[{"id":"navigation","depth":3,"text":"Navigation"}]}},"_type":"markdown","_id":"content:component.md","_source":"content","_file":"component.md","_stem":"component","_extension":"md"},{"_path":"/markdown","_dir":"","_draft":false,"_partial":false,"_locale":"","title":"Nuxt Content","description":"Markdown Sample Page","author":"Tom","body":{"type":"root","children":[{"type":"element","tag":"p","props":{},"children":[{"type":"text","value":"Hello World Form "},{"type":"element","tag":"strong","props":{},"children":[{"type":"text","value":"Nuxt Content V2"}]}]},{"type":"element","tag":"h3","props":{"id":"navigation"},"children":[{"type":"text","value":"Navigation"}]},{"type":"element","tag":"p","props":{},"children":[{"type":"element","tag":"a","props":{"href":"/cms/component"},"children":[{"type":"text","value":"Component Sample"}]}]},{"type":"element","tag":"h3","props":{"id":"code"},"children":[{"type":"text","value":"Code"}]},{"type":"element","tag":"pre","props":{"className":"language-typescript shiki shiki-themes one-dark-pro","code":"import { useDataStore, useThemeStore } from '@/stores'\nconst themeStore = useThemeStore()\nconst dataStore = useDataStore()\n\nonMounted(async () => {\n  await dataStore.initData()\n})\n","language":"typescript","meta":"","style":""},"children":[{"type":"element","tag":"code","props":{"__ignoreMap":""},"children":[{"type":"element","tag":"span","props":{"class":"line","line":1},"children":[{"type":"element","tag":"span","props":{"style":"--shiki-default:#C678DD"},"children":[{"type":"text","value":"import"}]},{"type":"element","tag":"span","props":{"style":"--shiki-default:#ABB2BF"},"children":[{"type":"text","value":" { "}]},{"type":"element","tag":"span","props":{"style":"--shiki-default:#E06C75"},"children":[{"type":"text","value":"useDataStore"}]},{"type":"element","tag":"span","props":{"style":"--shiki-default:#ABB2BF"},"children":[{"type":"text","value":", "}]},{"type":"element","tag":"span","props":{"style":"--shiki-default:#E06C75"},"children":[{"type":"text","value":"useThemeStore"}]},{"type":"element","tag":"span","props":{"style":"--shiki-default:#ABB2BF"},"children":[{"type":"text","value":" } "}]},{"type":"element","tag":"span","props":{"style":"--shiki-default:#C678DD"},"children":[{"type":"text","value":"from"}]},{"type":"element","tag":"span","props":{"style":"--shiki-default:#98C379"},"children":[{"type":"text","value":" '@/stores'\n"}]}]},{"type":"element","tag":"span","props":{"class":"line","line":2},"children":[{"type":"element","tag":"span","props":{"style":"--shiki-default:#C678DD"},"children":[{"type":"text","value":"const"}]},{"type":"element","tag":"span","props":{"style":"--shiki-default:#E5C07B"},"children":[{"type":"text","value":" themeStore"}]},{"type":"element","tag":"span","props":{"style":"--shiki-default:#56B6C2"},"children":[{"type":"text","value":" ="}]},{"type":"element","tag":"span","props":{"style":"--shiki-default:#61AFEF"},"children":[{"type":"text","value":" useThemeStore"}]},{"type":"element","tag":"span","props":{"style":"--shiki-default:#ABB2BF"},"children":[{"type":"text","value":"()\n"}]}]},{"type":"element","tag":"span","props":{"class":"line","line":3},"children":[{"type":"element","tag":"span","props":{"style":"--shiki-default:#C678DD"},"children":[{"type":"text","value":"const"}]},{"type":"element","tag":"span","props":{"style":"--shiki-default:#E5C07B"},"children":[{"type":"text","value":" dataStore"}]},{"type":"element","tag":"span","props":{"style":"--shiki-default:#56B6C2"},"children":[{"type":"text","value":" ="}]},{"type":"element","tag":"span","props":{"style":"--shiki-default:#61AFEF"},"children":[{"type":"text","value":" useDataStore"}]},{"type":"element","tag":"span","props":{"style":"--shiki-default:#ABB2BF"},"children":[{"type":"text","value":"()\n"}]}]},{"type":"element","tag":"span","props":{"class":"line","line":4},"children":[{"type":"element","tag":"span","props":{"emptyLinePlaceholder":true},"children":[{"type":"text","value":"\n"}]}]},{"type":"element","tag":"span","props":{"class":"line","line":5},"children":[{"type":"element","tag":"span","props":{"style":"--shiki-default:#61AFEF"},"children":[{"type":"text","value":"onMounted"}]},{"type":"element","tag":"span","props":{"style":"--shiki-default:#ABB2BF"},"children":[{"type":"text","value":"("}]},{"type":"element","tag":"span","props":{"style":"--shiki-default:#C678DD"},"children":[{"type":"text","value":"async"}]},{"type":"element","tag":"span","props":{"style":"--shiki-default:#ABB2BF"},"children":[{"type":"text","value":" () "}]},{"type":"element","tag":"span","props":{"style":"--shiki-default:#C678DD"},"children":[{"type":"text","value":"=>"}]},{"type":"element","tag":"span","props":{"style":"--shiki-default:#ABB2BF"},"children":[{"type":"text","value":" {\n"}]}]},{"type":"element","tag":"span","props":{"class":"line","line":6},"children":[{"type":"element","tag":"span","props":{"style":"--shiki-default:#C678DD"},"children":[{"type":"text","value":"  await"}]},{"type":"element","tag":"span","props":{"style":"--shiki-default:#E5C07B"},"children":[{"type":"text","value":" dataStore"}]},{"type":"element","tag":"span","props":{"style":"--shiki-default:#ABB2BF"},"children":[{"type":"text","value":"."}]},{"type":"element","tag":"span","props":{"style":"--shiki-default:#61AFEF"},"children":[{"type":"text","value":"initData"}]},{"type":"element","tag":"span","props":{"style":"--shiki-default:#ABB2BF"},"children":[{"type":"text","value":"()\n"}]}]},{"type":"element","tag":"span","props":{"class":"line","line":7},"children":[{"type":"element","tag":"span","props":{"style":"--shiki-default:#ABB2BF"},"children":[{"type":"text","value":"})\n"}]}]}]}]},{"type":"element","tag":"h3","props":{"id":"list"},"children":[{"type":"text","value":"List"}]},{"type":"element","tag":"ol","props":{},"children":[{"type":"element","tag":"li","props":{},"children":[{"type":"text","value":"Vue"}]},{"type":"element","tag":"li","props":{},"children":[{"type":"text","value":"Nuxt"}]},{"type":"element","tag":"li","props":{},"children":[{"type":"text","value":"PrimeVue"}]},{"type":"element","tag":"li","props":{},"children":[{"type":"text","value":"..."}]}]},{"type":"element","tag":"h3","props":{"id":"table"},"children":[{"type":"text","value":"Table"}]},{"type":"element","tag":"table","props":{},"children":[{"type":"element","tag":"thead","props":{},"children":[{"type":"element","tag":"tr","props":{},"children":[{"type":"element","tag":"th","props":{"align":"left"},"children":[{"type":"text","value":"Key"}]},{"type":"element","tag":"th","props":{"align":"left"},"children":[{"type":"text","value":"Type"}]},{"type":"element","tag":"th","props":{"align":"left"},"children":[{"type":"text","value":"Description"}]}]}]},{"type":"element","tag":"tbody","props":{},"children":[{"type":"element","tag":"tr","props":{},"children":[{"type":"element","tag":"td","props":{"align":"left"},"children":[{"type":"text","value":"1"}]},{"type":"element","tag":"td","props":{"align":"left"},"children":[{"type":"text","value":"Wonderful"}]},{"type":"element","tag":"td","props":{"align":"left"},"children":[{"type":"text","value":"Table"}]}]},{"type":"element","tag":"tr","props":{},"children":[{"type":"element","tag":"td","props":{"align":"left"},"children":[{"type":"text","value":"2"}]},{"type":"element","tag":"td","props":{"align":"left"},"children":[{"type":"text","value":"Complete"}]},{"type":"element","tag":"td","props":{"align":"left"},"children":[{"type":"text","value":"Data"}]}]},{"type":"element","tag":"tr","props":{},"children":[{"type":"element","tag":"td","props":{"align":"left"},"children":[{"type":"text","value":"3"}]},{"type":"element","tag":"td","props":{"align":"left"},"children":[{"type":"text","value":"Cool"}]},{"type":"element","tag":"td","props":{"align":"left"},"children":[{"type":"text","value":"Website"}]}]}]}]},{"type":"element","tag":"style","props":{},"children":[{"type":"text","value":"html .default .shiki span {color: var(--shiki-default);background: var(--shiki-default-bg);font-style: var(--shiki-default-font-style);font-weight: var(--shiki-default-font-weight);text-decoration: var(--shiki-default-text-decoration);}html .shiki span {color: var(--shiki-default);background: var(--shiki-default-bg);font-style: var(--shiki-default-font-style);font-weight: var(--shiki-default-font-weight);text-decoration: var(--shiki-default-text-decoration);}"}]}],"toc":{"title":"","searchDepth":2,"depth":2,"links":[{"id":"navigation","depth":3,"text":"Navigation"},{"id":"code","depth":3,"text":"Code"},{"id":"list","depth":3,"text":"List"},{"id":"table","depth":3,"text":"Table"}]}},"_type":"markdown","_id":"content:markdown.md","_source":"content","_file":"markdown.md","_stem":"markdown","_extension":"md"}],"navigation":[{"title":"Nuxt Content","_path":"/component"},{"title":"Nuxt Content","_path":"/markdown"}]}